sol,month,min_temp,max_temp,pressure,atmo_opacity
1977,Month 5,-77,-10,727,Sunny
1976,Month 5,-77,-10,728,Sunny
1975,Month 5,-76,-16,729,Sunny
1974,Month 5,-77,-13,729,Rain
1973,Month 5,-78,-18,730,Sunny
1972,Month 5,-78,-14,730,Sunny
1971,Month 5,-78,-13,731,Sunny
1970,Month 5,-77,-16,731,Sunny
1969,Month 5,-76,-16,732,Sunny
1968,Month 5,-76,-19,732,Sunny
1967,Month 5,-76,-15,734,Sunny
1966,Month 5,-77,-18,735,Sunny
1965,Month 5,-76,-12,735,Windy
1964,Month 5,-76,-16,736,Sunny
1963,Month 5,-77,-14,737,Sunny
1962,Month 5,-78,-14,738,Sunny
1961,Month 5,-77,-21,740,Sunny
1960,Month 5,-78,-14,740,Sunny
1959,Month 5,-78,-15,740,Sunny
1958,Month 5,-77,-14,741,Sunny
1957,Month 5,-77,-21,742,Sunny
1956,Month 5,-79,-14,744,Sunny
1955,Month 5,-77,-21,745,Sunny
1954,Month 5,-77,-17,745,Sunny
1953,Month 5,-78,-22,747,Sunny
1952,Month 5,-80,-25,748,Sunny
1951,Month 5,-77,-23,749,Sunny
1950,Month 5,-79,-15,750,Sunny
1949,Month 5,-78,-20,751,Sunny
1948,Month 5,-78,-18,752,Sunny
1947,Month 5,-78,-19,751,Sunny
1946,Month 5,-79,-20,753,Sunny
1945,Month 4,-78,-22,754,Sunny
1944,Month 4,-80,-21,755,Sunny
1943,Month 4,-78,-28,756,Sunny
1942,Month 4,-78,-27,757,Sunny
1941,Month 4,-77,-20,758,Sunny
1940,Month 4,-77,-19,759,Sunny
1939,Month 4,-78,-20,760,Sunny
1938,Month 4,-78,-24,762,Sunny
1937,Month 4,-80,-22,763,Sunny
1936,Month 4,-79,-20,764,Sunny
1935,Month 4,-80,-21,765,Sunny
1934,Month 4,-79,-21,766,Sunny
1933,Month 4,-78,-23,767,Sunny
1932,Month 4,-79,-24,768,Sunny
1931,Month 4,-79,-22,770,Sunny
1930,Month 4,-79,-24,770,Sunny
1929,Month 4,-79,-26,771,Sunny
1928,Month 4,-78,-24,773,Sunny
1927,Month 4,-79,-24,774,Sunny
1926,Month 4,-80,-24,775,Sunny
1925,Month 4,-79,-19,777,Sunny
1924,Month 4,-78,-21,777,Sunny
1923,Month 4,-77,-23,778,Sunny
1922,Month 4,-79,-24,780,Sunny
1921,Month 4,-78,-19,781,Sunny
1920,Month 4,-77,-25,782,Sunny
1919,Month 4,-77,-26,783,Sunny
1918,Month 4,-77,-18,784,Sunny
1917,Month 4,-80,-19,786,Sunny
1916,Month 4,-79,-22,787,Sunny
1915,Month 4,-78,-23,788,Sunny
1914,Month 4,-78,-21,790,Sunny
1913,Month 4,-79,-27,791,Sunny
1912,Month 4,-80,-25,791,Sunny
1911,Month 4,-79,-22,792,Sunny
1910,Month 4,-80,-23,794,Sunny
1909,Month 4,-80,-27,795,Sunny
1908,Month 4,-79,-28,796,Sunny
1907,Month 4,-79,-29,798,Sunny
1906,Month 4,-79,-23,799,Sunny
1905,Month 4,-80,-22,800,Sunny
1904,Month 4,-79,-27,801,Sunny
1903,Month 4,-78,-25,803,Sunny
1902,Month 4,-79,-27,804,Sunny
1901,Month 4,-81,-28,806,Sunny
1900,Month 4,-81,-25,807,Sunny
1899,Month 4,-81,-23,808,Sunny
1898,Month 4,-81,-27,810,Sunny
1897,Month 4,-80,-27,811,Sunny
1896,Month 4,-79,-23,812,Sunny
1895,Month 4,-78,-29,814,Sunny
1894,Month 4,-79,-28,815,Sunny
1893,Month 4,-79,-25,816,Sunny
1892,Month 4,-81,-29,817,Sunny
1891,Month 4,-80,-25,819,Sunny
1890,Month 4,-79,-28,821,Sunny
1889,Month 4,-80,-28,822,Sunny
1888,Month 4,-79,-25,823,Sunny
1887,Month 4,-79,-26,824,Sunny
1886,Month 4,-79,-27,826,Sunny
1885,Month 4,-79,-30,827,Sunny
1884,Month 4,-79,-29,829,Sunny
1883,Month 4,-78,-28,830,Sunny
1882,Month 4,-78,-31,831,Sunny
1881,Month 4,-79,-28,832,Sunny
1880,Month 3,-79,-30,833,Sunny
1879,Month 3,-79,-31,834,Sunny
1878,Month 3,-79,-29,835,Sunny
1877,Month 3,-79,-30,837,Sunny
1876,Month 3,-79,-29,838,Sunny
1875,Month 3,-79,-23,839,Sunny
1874,Month 3,-80,-29,840,Sunny
1873,Month 3,-79,-25,842,Sunny
1872,Month 3,-79,-29,843,Sunny
1871,Month 3,-80,-30,844,Sunny
1870,Month 3,-81,-29,845,Sunny
1869,Month 3,-81,-24,846,Sunny
1868,Month 3,-80,-24,848,Sunny
1867,Month 3,-78,-24,848,Sunny
1866,Month 3,-80,-28,850,Sunny
1865,Month 3,-80,-31,852,Sunny
1864,Month 3,-82,-22,852,Sunny
1863,Month 3,-80,-30,853,Sunny
1862,Month 3,-81,-30,854,Sunny
1861,Month 3,-79,-29,855,Sunny
1860,Month 3,-80,-31,857,Sunny
1859,Month 3,-79,-30,857,Sunny
1858,Month 3,-81,-28,857,Sunny
1857,Month 3,-80,-30,858,Sunny
1856,Month 3,-80,-28,859,Sunny
1855,Month 3,-78,-32,861,Sunny
1854,Month 3,-80,-26,861,Sunny
1853,Month 3,-80,-32,862,Sunny
1852,Month 3,-80,-31,863,Sunny
1851,Month 3,-87,-30,864,Sunny
1850,Month 3,-80,-30,864,Sunny
1849,Month 3,-80,-24,864,Sunny
1848,Month 3,-80,-28,865,Sunny
1847,Month 3,-80,-30,866,Sunny
1846,Month 3,-80,-30,868,Sunny
1845,Month 3,-80,-29,868,Sunny
1844,Month 3,-81,-28,869,Sunny
1843,Month 3,-80,-29,869,Sunny
1842,Month 3,-79,-27,869,Sunny
1841,Month 3,-77,-32,870,Sunny
1840,Month 3,-77,-29,871,Sunny
1839,Month 3,-80,-30,872,Sunny
1838,Month 3,-79,-27,872,Sunny
1837,Month 3,-81,-28,872,Sunny
1836,Month 3,-81,-29,873,Sunny
1835,Month 3,-80,-31,873,Sunny
1834,Month 3,-80,-25,875,Sunny
1833,Month 3,-81,-30,875,Sunny
1832,Month 3,-84,-30,875,Sunny
1831,Month 3,-80,-26,876,Sunny
1830,Month 3,-80,-23,877,Sunny
1829,Month 3,-78,-29,877,Sunny
1828,Month 3,-80,-27,878,Sunny
1827,Month 3,-80,-28,879,Sunny
1826,Month 3,-80,-26,878,Sunny
1825,Month 3,-80,-27,878,Sunny
1824,Month 3,-80,-28,879,Sunny
1823,Month 3,-80,-28,879,Sunny
1822,Month 3,-78,-27,881,Sunny
1821,Month 3,-81,-29,882,Sunny
1820,Month 3,-79,-29,881,Sunny
1819,Month 3,-82,-28,880,Sunny
1818,Month 3,-81,-25,881,Sunny
1817,Month 3,-80,-29,882,Sunny
1816,Month 3,-82,-30,882,Sunny
1815,Month 3,-81,-29,881,Sunny
1814,Month 2,-80,-26,881,Sunny
1813,Month 2,-80,-27,881,Sunny
1812,Month 2,-79,-23,882,Sunny
1811,Month 2,-79,-25,882,Sunny
1810,Month 2,-78,-25,883,Sunny
1809,Month 2,-80,-25,884,Sunny
1808,Month 2,-79,-26,884,Sunny
1807,Month 2,-78,-23,884,Sunny
1806,Month 2,-80,-25,884,Sunny
1805,Month 2,-78,-27,883,Sunny
1804,Month 2,-78,-29,883,Sunny
1803,Month 2,-78,-25,882,Sunny
1802,Month 2,-79,-26,882,Sunny
1801,Month 2,-80,-21,882,Sunny
1800,Month 2,-80,-24,883,Sunny
1799,Month 2,-78,-24,883,Sunny
1798,Month 2,-79,-25,883,Sunny
1797,Month 2,-79,-27,884,Sunny
1796,Month 2,-80,-23,883,Sunny
1795,Month 2,-81,-19,882,Sunny
1794,Month 2,-80,-25,883,Sunny
1793,Month 2,-80,-22,883,Sunny
1792,Month 2,-80,-27,883,Sunny
1791,Month 2,-79,-23,882,Sunny
1790,Month 2,-81,-22,882,Sunny
1789,Month 2,-79,-19,881,Sunny
1788,Month 2,-79,-21,881,Sunny
1787,Month 2,-79,-26,881,Sunny
1785,Month 2,-77,-20,881,Sunny
1784,Month 2,-80,-22,883,Sunny
1783,Month 2,-79,-23,879,Sunny
1782,Month 2,-78,-22,878,Sunny
1781,Month 2,-78,-22,879,Sunny
1780,Month 2,-77,-20,879,Sunny
1779,Month 2,-78,-23,878,Sunny
1778,Month 2,-81,-23,877,Sunny
1777,Month 2,-79,-22,877,Sunny
1776,Month 2,-79,-24,877,Sunny
1775,Month 2,-80,-22,877,Sunny
1774,Month 2,-79,-18,877,Sunny
1773,Month 2,-78,-22,876,Sunny
1772,Month 2,-78,-20,876,Sunny
1771,Month 2,-79,-22,876,Sunny
1770,Month 2,-79,-19,875,Sunny
1769,Month 2,-76,-23,875,Sunny
1768,Month 2,-78,-22,875,Sunny
1767,Month 2,-77,-22,874,Sunny
1766,Month 2,-79,-17,873,Sunny
1765,Month 2,-77,-20,873,Sunny
1764,Month 2,-79,-18,872,Sunny
1763,Month 2,-78,-20,873,Sunny
1762,Month 2,-77,-20,872,Sunny
1761,Month 2,-77,-20,872,Sunny
1760,Month 2,-78,-18,872,Sunny
1759,Month 2,-77,-20,871,Sunny
1758,Month 2,-78,-20,871,Sunny
1757,Month 2,-78,-21,871,Sunny
1756,Month 2,-78,-23,871,Sunny
1755,Month 2,-77,-22,870,Sunny
1754,Month 2,-78,-20,870,Sunny
1753,Month 2,-76,-16,868,Sunny
1752,Month 2,-80,-16,867,Sunny
1751,Month 2,-78,-23,867,Sunny
1750,Month 2,-77,-17,867,Sunny
1749,Month 2,-76,-21,867,Sunny
1748,Month 1,-79,-19,867,Sunny
1747,Month 1,-79,-16,866,Sunny
1746,Month 1,-76,-16,866,Sunny
1745,Month 1,-78,-19,865,Sunny
1744,Month 1,-78,-22,863,Sunny
1743,Month 1,-78,-21,863,Sunny
1742,Month 1,-77,-12,865,Sunny
1741,Month 1,-78,-18,863,Sunny
1740,Month 1,-78,-21,861,Sunny
1739,Month 1,-77,-22,861,Sunny
1738,Month 1,-78,-22,861,Sunny
1737,Month 1,-78,-19,861,Sunny
1736,Month 1,-77,-16,860,Sunny
1735,Month 1,-78,-13,861,Sunny
1734,Month 1,-78,-22,859,Sunny
1733,Month 1,-77,-21,859,Sunny
1732,Month 1,-78,-24,858,Sunny
1731,Month 1,-78,-24,857,Sunny
1730,Month 1,-77,-20,858,Sunny
1729,Month 1,-76,-19,858,Sunny
1728,Month 1,-76,-16,855,Sunny
1727,Month 1,-75,-13,855,Sunny
1726,Month 1,-76,-17,855,Sunny
1725,Month 1,-79,-18,857,Sunny
1724,Month 1,-77,-21,856,Sunny
1723,Month 1,-76,-16,854,Sunny
1722,Month 1,-77,-13,854,Sunny
1721,Month 1,-76,-16,852,Sunny
1720,Month 1,-76,-17,853,Sunny
1719,Month 1,-77,-19,853,Sunny
1718,Month 1,-77,-16,852,Sunny
1717,Month 1,-76,-12,851,Sunny
1716,Month 1,-76,-10,850,Sunny
1715,Month 1,-77,-10,851,Sunny
1714,Month 1,-77,-13,849,Sunny
1713,Month 1,-75,-10,850,Sunny
1712,Month 1,-77,-11,849,Sunny
1711,Month 1,-75,-13,848,Sunny
1710,Month 1,-76,-12,848,Sunny
1709,Month 1,-76,-14,847,Sunny
1708,Month 1,-76,-13,846,Sunny
1707,Month 1,-77,-12,846,Sunny
1706,Month 1,-77,-17,845,Sunny
1705,Month 1,-76,-11,845,Sunny
1704,Month 1,-77,-14,844,Sunny
1703,Month 1,-76,-12,843,Sunny
1702,Month 1,-75,-12,842,Sunny
1701,Month 1,-76,-12,841,Sunny
1700,Month 1,-76,-14,842,Sunny
1699,Month 1,-76,-12,843,Sunny
1698,Month 1,-77,-12,842,Sunny
1697,Month 1,-77,-15,841,Sunny
1696,Month 1,-75,-17,841,Sunny
1695,Month 1,-77,-13,840,Sunny
1694,Month 1,-76,-12,840,Sunny
1693,Month 1,-76,-12,840,Sunny
1692,Month 1,-62,-11,820,Sunny
1690,Month 1,-76,-14,840,Sunny
1689,Month 1,-75,-10,840,Sunny
1688,Month 1,-76,-13,840,Sunny
1687,Month 12,-75,-11,838,Sunny
1686,Month 12,-75,-13,838,Sunny
1685,Month 12,-77,-14,838,Sunny
1684,Month 12,-75,-14,837,Sunny
1683,Month 12,-75,-15,837,Sunny
1682,Month 12,-76,-13,839,Sunny
1681,Month 12,-74,-12,837,Sunny
1680,Month 12,-74,-11,835,Sunny
1679,Month 12,-75,-12,836,Sunny
1678,Month 12,-74,-11,836,Sunny
1677,Month 12,-74,-8,835,Sunny
1676,Month 12,-76,-11,837,Sunny
1675,Month 12,-75,-6,835,Sunny
1674,Month 12,-75,-6,835,Sunny
1673,Month 12,-75,-6,836,Sunny
1672,Month 12,-74,-5,833,Sunny
1671,Month 12,-76,-7,832,Sunny
1670,Month 12,-76,-12,834,Sunny
1669,Month 12,-74,-12,833,Sunny
1668,Month 12,-77,-4,831,Sunny
1667,Month 12,-76,-9,833,Sunny
1666,Month 12,-76,-8,834,Sunny
1665,Month 12,-76,-7,833,Sunny
1664,Month 12,-74,-8,832,Sunny
1663,Month 12,-74,-6,832,Sunny
1662,Month 12,-75,-3,831,Sunny
1661,Month 12,-75,-5,831,Sunny
1660,Month 12,-74,-5,832,Sunny
1659,Month 12,-77,-7,832,Sunny
1658,Month 12,-77,-8,835,Sunny
1657,Month 12,-75,-9,836,Sunny
1656,Month 12,-75,-3,832,Sunny
1655,Month 12,-76,-14,831,Sunny
1654,Month 12,-75,-17,829,Sunny
1653,Month 12,-75,-15,833,Sunny
1652,Month 12,-76,-15,834,Sunny
1651,Month 12,-77,-8,833,Sunny
1650,Month 12,-75,-8,833,Sunny
1649,Month 12,-74,-8,830,Sunny
1648,Month 12,-73,-14,830,Sunny
1647,Month 12,-73,-3,831,Sunny
1646,Month 12,-74,-8,831,Sunny
1645,Month 12,-74,-3,832,Sunny
1644,Month 12,-74,-10,832,Sunny
1643,Month 12,-74,-11,832,Sunny
1642,Month 12,-72,-13,829,Sunny
1641,Month 12,-72,-6,831,Sunny
1640,Month 12,-72,-8,832,Sunny
1639,Month 12,-71,-6,832,Sunny
1638,Month 12,-73,-9,833,Sunny
1637,Month 12,-73,-10,833,Sunny
1636,Month 12,-72,-14,834,Sunny
1635,Month 12,-73,-7,833,Sunny
1634,Month 12,-72,-5,834,Sunny
1633,Month 12,-75,-4,834,Sunny
1632,Month 12,-72,-4,836,Sunny
1631,Month 11,-77,-6,837,Sunny
1630,Month 11,-77,-6,838,Sunny
1629,Month 11,-74,-8,837,Sunny
1628,Month 11,-71,-8,839,Sunny
1627,Month 11,-72,-9,838,Sunny
1626,Month 11,-71,-11,839,Sunny
1625,Month 11,-71,-8,839,Sunny
1624,Month 11,-72,-8,837,Sunny
1623,Month 11,-71,-10,840,Sunny
1622,Month 11,-71,-9,841,Sunny
1621,Month 11,-73,-13,842,Sunny
1620,Month 11,-70,-9,844,Sunny
1619,Month 11,-73,-8,841,Sunny
1618,Month 11,-71,-7,845,Sunny
1617,Month 11,-72,-8,840,Sunny
1616,Month 11,-73,-8,848,Sunny
1615,Month 11,-73,-5,842,Sunny
1614,Month 11,-73,-8,837,Sunny
1613,Month 11,-72,-2,846,Sunny
1612,Month 11,NaN,NaN,NaN,Sunny
1611,Month 11,NaN,NaN,NaN,Sunny
1610,Month 11,NaN,NaN,NaN,Sunny
1609,Month 11,-71,-7,847,Sunny
1608,Month 11,-72,-8,847,Sunny
1607,Month 11,-77,-12,846,Sunny
1606,Month 11,-75,-10,850,Sunny
1605,Month 11,-73,-13,846,Sunny
1604,Month 11,-77,-11,850,Sunny
1603,Month 11,-76,-5,847,Sunny
1602,Month 11,-77,-5,852,Sunny
1601,Month 11,-71,-2,853,Sunny
1600,Month 11,-71,-7,850,Sunny
1599,Month 11,-72,-7,853,Sunny
1598,Month 11,-70,-4,849,Sunny
1597,Month 11,-73,-8,855,Sunny
1596,Month 11,-74,-6,850,Sunny
1595,Month 11,-71,-7,855,Sunny
1594,Month 11,-74,-6,855,Sunny
1593,Month 11,-72,-1,852,Sunny
1592,Month 11,-71,0,857,Sunny
1591,Month 11,-73,-1,852,Sunny
1590,Month 11,-76,-1,860,Sunny
1589,Month 11,-72,-2,857,Sunny
1588,Month 11,-72,0,858,Sunny
1587,Month 11,-73,-1,860,Sunny
1586,Month 11,-72,-1,858,Sunny
1585,Month 11,-76,-2,864,Sunny
1584,Month 11,-77,-2,860,Sunny
1583,Month 11,-75,-4,862,Sunny
1582,Month 11,-74,-1,862,Sunny
1581,Month 10,-72,-1,862,Sunny
1580,Month 10,-72,-2,867,Sunny
1579,Month 10,-73,-3,862,Sunny
1578,Month 10,-74,-5,868,Sunny
1577,Month 10,-72,-3,866,Sunny
1576,Month 10,-72,-1,869,Sunny
1575,Month 10,-73,0,871,Sunny
1574,Month 10,-72,4,868,Sunny
1573,Month 10,-74,-2,872,Sunny
1572,Month 10,-81,-6,869,Sunny
1571,Month 10,-70,-3,873,Sunny
1570,Month 10,-71,-6,873,Sunny
1569,Month 10,-70,-4,873,Sunny
1568,Month 10,-71,-5,876,Sunny
1567,Month 10,-70,-5,872,Sunny
1566,Month 10,-76,-6,876,Sunny
1565,Month 10,-72,-6,874,Sunny
1564,Month 10,-70,-7,877,Sunny
1563,Month 10,-75,-6,879,Sunny
1562,Month 10,-73,-5,877,Sunny
1561,Month 10,-77,-8,877,Sunny
1560,Month 10,-76,-10,877,Sunny
1559,Month 10,-76,-7,879,Sunny
1558,Month 10,-72,-6,880,Sunny
1557,Month 10,-70,-6,883,Sunny
1556,Month 10,-72,-5,883,Sunny
1555,Month 10,-71,-6,883,Sunny
1554,Month 10,-70,-7,882,Sunny
1553,Month 10,-77,-9,884,Sunny
1552,Month 10,-74,-6,886,Sunny
1551,Month 10,-71,0,886,Sunny
1550,Month 10,-71,-1,888,Sunny
1549,Month 10,-76,-2,887,Sunny
1548,Month 10,-76,-8,887,Sunny
1547,Month 10,-75,-8,887,Sunny
1546,Month 10,-73,-7,889,Sunny
1545,Month 10,-73,3,891,Sunny
1544,Month 10,-71,1,894,Sunny
1543,Month 10,-74,-7,896,Sunny
1542,Month 10,-73,-9,895,Sunny
1541,Month 10,-76,-8,895,Sunny
1540,Month 10,-72,-3,896,Sunny
1539,Month 10,-74,-1,896,Sunny
1538,Month 10,-73,-3,898,Sunny
1537,Month 10,-74,-7,900,Sunny
1536,Month 10,-71,-4,901,Sunny
1535,Month 10,-73,-1,900,Sunny
1534,Month 10,-73,-2,898,Sunny
1533,Month 9,-72,-4,896,Sunny
1532,Month 9,-72,-3,900,Sunny
1531,Month 9,-76,-10,900,Sunny
1530,Month 9,-71,-4,899,Sunny
1529,Month 9,-73,3,900,Sunny
1528,Month 9,-72,-4,898,Sunny
1527,Month 9,-71,-6,900,Sunny
1526,Month 9,-72,-2,900,Sunny
1525,Month 9,-74,-2,902,Sunny
1524,Month 9,-76,-4,904,Sunny
1523,Month 9,-77,-10,905,Sunny
1522,Month 9,-71,-2,905,Sunny
1521,Month 9,-71,-1,905,Sunny
1520,Month 9,-73,-2,905,Sunny
1519,Month 9,-72,5,906,Sunny
1518,Month 9,-78,-8,909,Sunny
1517,Month 9,-76,2,911,Sunny
1516,Month 9,-71,4,909,Sunny
1515,Month 9,-76,3,906,Sunny
1514,Month 9,-73,0,906,Sunny
1513,Month 9,-74,-1,907,Sunny
1512,Month 9,-78,0,906,Sunny
1511,Month 9,-77,0,908,Sunny
1510,Month 9,-70,2,908,Sunny
1509,Month 9,-70,3,910,Sunny
1508,Month 9,-70,-2,907,Sunny
1507,Month 9,-70,-3,907,Sunny
1506,Month 9,-71,-1,907,Sunny
1505,Month 9,-69,2,906,Sunny
1504,Month 9,-69,-1,910,Sunny
1503,Month 9,-70,3,909,Sunny
1502,Month 9,-69,0,907,Sunny
1501,Month 9,-69,3,903,Sunny
1500,Month 9,-70,-4,903,Sunny
1499,Month 9,-69,-2,903,Sunny
1498,Month 9,-68,-9,907,Sunny
1497,Month 9,-68,-5,909,Sunny
1496,Month 9,-72,-8,906,Sunny
1495,Month 9,-71,-7,903,Sunny
1494,Month 9,-70,-8,904,Sunny
1493,Month 9,-70,-11,905,Sunny
1492,Month 9,-68,-10,910,Sunny
1491,Month 9,-69,-8,906,Sunny
1490,Month 9,-66,-10,904,Sunny
1489,Month 9,-68,-8,903,Sunny
1488,Month 9,-69,-6,902,Sunny
1487,Month 8,-68,-5,901,Sunny
1486,Month 8,-71,-1,901,Sunny
1485,Month 8,-71,3,899,Sunny
1484,Month 8,-68,4,895,Sunny
1483,Month 8,-68,1,892,Sunny
1482,Month 8,-68,2,893,Sunny
1481,Month 8,-70,1,893,Sunny
1480,Month 8,-68,1,893,Sunny
1479,Month 8,-66,3,890,Sunny
1478,Month 8,-68,1,887,Sunny
1477,Month 8,-72,0,888,Sunny
1476,Month 8,-69,2,888,Sunny
1475,Month 8,-72,2,890,Sunny
1474,Month 8,-68,2,889,Sunny
1473,Month 8,-67,4,881,Sunny
1472,Month 8,-68,5,879,Sunny
1471,Month 8,-71,4,880,Sunny
1470,Month 8,-70,1,879,Sunny
1469,Month 8,-72,1,881,Sunny
1468,Month 8,-70,5,879,Sunny
1467,Month 8,-69,-4,877,Sunny
1466,Month 8,-67,-6,873,Sunny
1465,Month 8,-68,-3,870,Sunny
1464,Month 8,-71,-6,871,Sunny
1463,Month 8,-68,-1,871,Sunny
1462,Month 8,-68,-5,871,Sunny
1461,Month 8,-69,-7,870,Sunny
1460,Month 8,-70,-4,865,Sunny
1459,Month 8,-71,-2,861,Sunny
1458,Month 8,-69,-1,859,Sunny
1457,Month 8,-69,-5,860,Sunny
1456,Month 8,-69,-1,859,Sunny
1455,Month 8,-70,-4,858,Sunny
1454,Month 8,-69,3,854,Sunny
1453,Month 8,-73,5,850,Sunny
1452,Month 8,-74,5,845,Sunny
1451,Month 8,-71,5,842,Sunny
1450,Month 8,-69,5,842,Sunny
1449,Month 8,-71,5,841,Sunny
1448,Month 8,-69,5,841,Sunny
1447,Month 8,-74,4,841,Sunny
1446,Month 8,-70,6,841,Sunny
1445,Month 8,-69,1,836,Sunny
1444,Month 8,-69,8,833,Sunny
1443,Month 8,-69,7,831,Sunny
1442,Month 8,-68,0,829,Sunny
1441,Month 8,-74,10,828,Sunny
1440,Month 7,-70,4,828,Sunny
1439,Month 7,-71,5,828,Sunny
1438,Month 7,-68,11,823,Sunny
1437,Month 7,-71,7,821,Sunny
1436,Month 7,-72,4,825,Sunny
1435,Month 7,-71,4,823,Sunny
1434,Month 7,-70,0,818,Sunny
1433,Month 7,-70,6,818,Sunny
1432,Month 7,-71,7,813,Sunny
1431,Month 7,-69,7,811,Sunny
1430,Month 7,-69,5,810,Sunny
1429,Month 7,-70,4,810,Sunny
1428,Month 7,-72,4,808,Sunny
1427,Month 7,-72,8,807,Sunny
1426,Month 7,-71,-6,803,Sunny
1425,Month 7,-72,-8,804,Sunny
1424,Month 7,-72,-8,803,Sunny
1423,Month 7,-71,-9,800,Sunny
1422,Month 7,-72,-9,798,Sunny
1421,Month 7,-72,-9,797,Sunny
1420,Month 7,-71,-8,793,Sunny
1419,Month 7,-73,-7,793,Sunny
1418,Month 7,-73,-9,793,Sunny
1417,Month 7,-70,-8,791,Sunny
1416,Month 7,-72,5,791,Sunny
1415,Month 7,-72,8,787,Sunny
1414,Month 7,-73,7,785,Sunny
1413,Month 7,-72,5,784,Sunny
1412,Month 7,-78,4,784,Sunny
1411,Month 7,-72,6,782,Sunny
1410,Month 7,-72,7,782,Sunny
1409,Month 7,-74,-9,781,Sunny
1408,Month 7,-75,-10,779,Sunny
1407,Month 7,-74,-9,779,Sunny
1406,Month 7,-76,-9,775,Sunny
1405,Month 7,-75,-2,775,Sunny
1404,Month 7,-75,-10,774,Sunny
1403,Month 7,-75,-9,771,Sunny
1402,Month 7,-75,-11,771,Sunny
1401,Month 7,-73,-4,770,Sunny
1400,Month 7,-73,3,770,Sunny
1399,Month 7,-73,1,770,Sunny
1398,Month 7,-66,3,751,Sunny
1388,Month 6,-73,4,756,Sunny
1387,Month 6,-74,2,755,Sunny
1386,Month 6,-74,-1,755,Sunny
1385,Month 6,-75,-3,755,Sunny
1384,Month 6,-74,2,753,Sunny
1383,Month 6,-73,3,752,Sunny
1382,Month 6,-76,-4,752,Sunny
1381,Month 6,-73,-8,751,Sunny
1380,Month 6,-74,-7,751,Sunny
1379,Month 6,-77,-7,751,Sunny
1378,Month 6,-76,1,751,Sunny
1377,Month 6,-76,1,749,Sunny
1376,Month 6,-75,0,749,Sunny
1375,Month 6,-73,-2,749,Sunny
1374,Month 6,-75,-5,748,Sunny
1373,Month 6,-74,-3,746,Sunny
1372,Month 6,-74,-4,745,Sunny
1371,Month 6,-75,-2,746,Sunny
1370,Month 6,-74,-1,744,Sunny
1369,Month 6,-73,1,742,Sunny
1368,Month 6,-74,-16,743,Sunny
1367,Month 6,-74,-14,743,Sunny
1366,Month 6,-75,-15,740,Sunny
1365,Month 6,-74,-15,739,Sunny
1364,Month 6,-74,-16,740,Sunny
1363,Month 6,-75,-14,740,Sunny
1362,Month 6,-74,-17,739,Sunny
1361,Month 6,-75,-16,739,Sunny
1360,Month 6,-76,-16,739,Sunny
1359,Month 6,-76,-13,739,Sunny
1358,Month 6,-74,-16,738,Sunny
1357,Month 6,-72,-16,738,Sunny
1356,Month 6,-74,-5,739,Sunny
1355,Month 6,-75,-11,740,Sunny
1354,Month 6,-75,-5,739,Sunny
1353,Month 6,-76,-6,737,Sunny
1352,Month 6,-73,-6,736,Sunny
1351,Month 6,-72,-12,739,Sunny
1350,Month 6,-73,-9,738,Sunny
1349,Month 6,-73,-9,737,Sunny
1348,Month 6,-76,-15,735,Sunny
1347,Month 6,-75,-16,736,Sunny
1346,Month 6,-75,-16,737,Sunny
1345,Month 6,-75,-19,735,Sunny
1344,Month 6,-75,-14,734,Sunny
1343,Month 6,-74,-8,735,Sunny
1342,Month 6,-80,-7,735,Sunny
1341,Month 6,-76,-9,735,Sunny
1340,Month 6,-76,-15,734,Sunny
1339,Month 6,-77,-18,733,Sunny
1338,Month 6,-75,-18,734,Sunny
1337,Month 6,-76,-13,734,Sunny
1336,Month 5,-75,-12,732,Sunny
1335,Month 5,-77,-10,732,Sunny
1334,Month 5,-77,-12,732,Sunny
1333,Month 5,-76,-18,733,Sunny
1332,Month 5,-78,-11,734,Sunny
1331,Month 5,-76,-19,734,Sunny
1330,Month 5,-78,-14,734,Sunny
1329,Month 5,-74,-15,735,Sunny
1328,Month 5,-77,-12,735,Sunny
1327,Month 5,-76,-11,736,Sunny
1326,Month 5,-77,-15,738,Sunny
1325,Month 5,-78,-14,738,Sunny
1324,Month 5,-78,-9,738,Sunny
1323,Month 5,-77,-11,738,Sunny
1322,Month 5,-78,-10,740,Sunny
1321,Month 5,-77,-15,740,Sunny
1320,Month 5,-77,-11,741,Sunny
1319,Month 5,-78,-8,742,Sunny
1318,Month 5,-80,-15,743,Sunny
1317,Month 5,-80,-15,743,Sunny
1316,Month 5,-80,-20,744,Sunny
1315,Month 5,-77,-14,744,Sunny
1314,Month 5,-78,-14,744,Sunny
1313,Month 5,-77,-14,745,Sunny
1312,Month 5,-77,-12,745,Sunny
1311,Month 5,-78,-11,745,Sunny
1310,Month 5,-76,-15,745,Sunny
1309,Month 5,-81,-19,747,Sunny
1308,Month 5,-81,-23,748,Sunny
1307,Month 5,-80,-27,748,Sunny
1306,Month 5,-79,-23,748,Sunny
1305,Month 5,-80,-21,749,Sunny
1304,Month 5,-80,-22,750,Sunny
1303,Month 5,-78,-26,751,Sunny
1302,Month 5,-80,-24,751,Sunny
1301,Month 5,-78,-20,752,Sunny
1300,Month 5,-79,-16,752,Sunny
1299,Month 5,-80,-19,753,Sunny
1298,Month 5,-79,-17,755,Sunny
1297,Month 5,-80,-24,755,Sunny
1296,Month 5,-79,-25,756,Sunny
1295,Month 5,-79,-20,757,Sunny
1294,Month 5,-79,-16,758,Sunny
1293,Month 5,-81,-21,758,Sunny
1292,Month 5,-81,-22,760,Sunny
1291,Month 5,-80,-21,760,Sunny
1288,Month 5,-80,-16,763,Sunny
1287,Month 5,-80,-18,764,Sunny
1286,Month 5,-80,-19,765,Sunny
1285,Month 5,-80,-13,766,Sunny
1284,Month 5,-80,-21,767,Sunny
1283,Month 5,-82,-20,767,Sunny
1282,Month 5,-81,-16,768,Sunny
1281,Month 5,-83,-22,769,Sunny
1280,Month 5,-84,-23,771,Sunny
1279,Month 5,-83,-29,772,Sunny
1278,Month 5,-83,-29,773,Sunny
1277,Month 5,-84,-28,774,Sunny
1276,Month 4,-83,-20,774,Sunny
1275,Month 4,-82,-17,775,Sunny
1274,Month 4,-82,-17,777,Sunny
1273,Month 4,-79,-19,778,Sunny
1272,Month 4,-81,-23,780,Sunny
1271,Month 4,-84,-22,781,Sunny
1270,Month 4,-82,-18,782,Sunny
1269,Month 4,-83,-17,782,Sunny
1268,Month 4,-83,-24,784,Sunny
1267,Month 4,-83,-24,786,Sunny
1266,Month 4,-82,-27,787,Sunny
1265,Month 4,-81,-28,787,Sunny
1264,Month 4,-84,-27,787,Sunny
1263,Month 4,-84,-29,788,Sunny
1262,Month 4,-81,-29,790,Sunny
1261,Month 4,-81,-25,790,Sunny
1260,Month 4,-83,-23,792,Sunny
1259,Month 4,-84,-25,794,Sunny
1258,Month 4,-83,-23,794,Sunny
1257,Month 4,-84,-21,794,Sunny
1256,Month 4,-84,-27,797,Sunny
1255,Month 4,-84,-25,798,Sunny
1254,Month 4,-84,-29,799,Sunny
1253,Month 4,-85,-26,800,Sunny
1252,Month 4,-85,-31,802,Sunny
1251,Month 4,-85,-27,803,Sunny
1250,Month 4,-85,-28,804,Sunny
1249,Month 4,-85,-32,806,Sunny
1248,Month 4,-86,-23,807,Sunny
1247,Month 4,-85,-25,809,Sunny
1246,Month 4,-85,-25,810,Sunny
1245,Month 4,-86,-26,811,Sunny
1244,Month 4,-85,-26,812,Sunny
1243,Month 4,-86,-26,814,Sunny
1242,Month 4,-87,-26,815,Sunny
1241,Month 4,-87,-28,816,Sunny
1240,Month 4,-87,-24,816,Sunny
1239,Month 4,-89,-26,818,Sunny
1238,Month 4,-87,-26,819,Sunny
1237,Month 4,-88,-29,820,Sunny
1236,Month 4,-87,-26,822,Sunny
1235,Month 4,-88,-28,824,Sunny
1234,Month 4,-88,-26,824,Sunny
1233,Month 4,-88,-27,826,Sunny
1232,Month 4,-88,-28,827,Sunny
1231,Month 4,-88,-26,828,Sunny
1230,Month 4,-88,-26,830,Sunny
1229,Month 4,-88,-26,831,Sunny
1228,Month 4,-88,-28,832,Sunny
1227,Month 4,-88,-26,833,Sunny
1226,Month 4,-87,-24,835,Sunny
1225,Month 4,-87,-28,836,Sunny
1224,Month 4,-88,-29,837,Sunny
1223,Month 4,-88,-26,839,Sunny
1222,Month 4,-87,-28,840,Sunny
1221,Month 4,-87,-28,841,Sunny
1220,Month 4,-87,-28,842,Sunny
1219,Month 4,-87,-27,844,Sunny
1218,Month 4,-86,-32,845,Sunny
1217,Month 4,-88,-27,846,Sunny
1216,Month 4,-86,-28,847,Sunny
1215,Month 4,-85,-27,848,Sunny
1214,Month 4,-85,-24,849,Sunny
1213,Month 4,-84,-27,851,Sunny
1212,Month 3,-86,-28,851,Sunny
1211,Month 3,-83,-22,853,Sunny
1210,Month 3,-85,-23,854,Sunny
1209,Month 3,-85,-24,855,Sunny
1208,Month 3,-85,-24,857,Sunny
1207,Month 3,-85,-25,858,Sunny
1206,Month 3,-85,-24,859,Sunny
1205,Month 3,-86,-26,861,Sunny
1204,Month 3,-84,-25,862,Sunny
1203,Month 3,-85,-23,863,Sunny
1202,Month 3,-85,-22,864,Sunny
1201,Month 3,-85,-29,866,Sunny
1200,Month 3,-84,-27,866,Sunny
1199,Month 3,-86,-29,868,Sunny
1198,Month 3,-86,-23,868,Sunny
1197,Month 3,-85,-26,869,Sunny
1196,Month 3,-86,-27,871,Sunny
1195,Month 3,-86,-32,872,Sunny
1194,Month 3,-84,-29,873,Sunny
1193,Month 3,-84,-28,875,Sunny
1192,Month 3,-86,-24,876,Sunny
1191,Month 3,-87,-28,876,Sunny
1190,Month 3,-87,-29,877,Sunny
1189,Month 3,-87,-24,879,Sunny
1188,Month 3,-90,-31,881,Sunny
1187,Month 3,-84,-29,881,Sunny
1186,Month 3,-86,-28,881,Sunny
1185,Month 3,-84,-24,881,Sunny
1184,Month 3,-85,-28,882,Sunny
1183,Month 3,-86,-26,883,Sunny
1182,Month 3,-85,-29,884,Sunny
1181,Month 3,-86,-24,885,Sunny
1180,Month 3,-86,-27,886,Sunny
1179,Month 3,-85,-25,887,Sunny
1178,Month 3,-86,-26,888,Sunny
1177,Month 3,-84,-27,888,Sunny
1176,Month 3,-84,-31,890,Sunny
1175,Month 3,-85,-23,890,Sunny
1174,Month 3,-85,-25,891,Sunny
1173,Month 3,-87,-31,892,Sunny
1172,Month 3,-87,-26,892,Sunny
1171,Month 3,-87,-29,892,Sunny
1170,Month 3,-85,-31,893,Sunny
1169,Month 3,-89,-32,894,Sunny
1168,Month 3,-84,-29,894,Sunny
1167,Month 3,-84,-25,894,Sunny
1166,Month 3,-84,-31,895,Sunny
1165,Month 3,-84,-35,897,Sunny
1164,Month 3,-86,-35,896,Sunny
1163,Month 3,-86,-29,896,Sunny
1162,Month 3,-84,-27,897,Sunny
1161,Month 3,-83,-26,898,Sunny
1160,Month 3,-80,-28,899,Sunny
1159,Month 3,-82,-28,898,Sunny
1158,Month 3,-82,-28,898,Sunny
1157,Month 3,-82,-32,900,Sunny
1156,Month 3,-84,-30,900,Sunny
1155,Month 3,-84,-26,900,Sunny
1154,Month 3,-84,-29,900,Sunny
1153,Month 3,-82,-31,900,Sunny
1152,Month 3,-80,-30,901,Sunny
1151,Month 3,-82,-31,901,Sunny
1150,Month 3,-82,-29,902,Sunny
1149,Month 3,-81,-23,902,Sunny
1148,Month 3,-80,-28,901,Sunny
1147,Month 3,-80,-29,901,Sunny
1146,Month 3,-82,-28,902,Sunny
1145,Month 2,-82,-29,903,Sunny
1144,Month 2,-82,-28,902,Sunny
1143,Month 2,-82,-29,901,Sunny
1142,Month 2,-82,-23,902,Sunny
1141,Month 2,-82,-28,902,Sunny
1140,Month 2,-81,-26,901,Sunny
1139,Month 2,-80,-25,901,Sunny
1138,Month 2,-82,-29,901,Sunny
1137,Month 2,-81,-26,901,Sunny
1136,Month 2,-82,-23,901,Sunny
1135,Month 2,-81,-27,901,Sunny
1134,Month 2,-80,-27,902,Sunny
1133,Month 2,-82,-26,902,Sunny
1132,Month 2,-82,-27,902,Sunny
1131,Month 2,-81,-28,902,Sunny
1130,Month 2,-81,-25,902,Sunny
1129,Month 2,-80,-23,902,Sunny
1128,Month 2,-79,-27,902,Sunny
1127,Month 2,-80,-27,901,Sunny
1126,Month 2,-79,-21,901,Sunny
1125,Month 2,-79,-22,900,Sunny
1124,Month 2,-80,-26,900,Sunny
1123,Month 2,-79,-27,900,Sunny
1122,Month 2,-79,-26,901,Sunny
1121,Month 2,-81,-25,901,Sunny
1120,Month 2,-80,-24,900,Sunny
1119,Month 2,-81,-22,899,Sunny
1118,Month 2,-80,-25,898,Sunny
1117,Month 2,-79,-25,898,Sunny
1116,Month 2,-79,-26,898,Sunny
1115,Month 2,-80,-21,897,Sunny
1114,Month 2,-79,-25,896,Sunny
1113,Month 2,-79,-24,895,Sunny
1112,Month 2,-80,-24,895,Sunny
1111,Month 2,-79,-26,896,Sunny
1110,Month 2,-81,-25,895,Sunny
1109,Month 2,-82,-26,895,Sunny
1108,Month 2,-78,-25,895,Sunny
1107,Month 2,-79,-24,893,Sunny
1106,Month 2,-82,-22,893,Sunny
1105,Month 2,-78,-25,892,Sunny
1104,Month 2,-79,-25,893,Sunny
1103,Month 2,-81,-26,893,Sunny
1102,Month 2,-84,-25,892,Sunny
1101,Month 2,-80,-23,891,Sunny
1100,Month 2,-79,-22,890,Sunny
1099,Month 2,-78,-24,891,Sunny
1098,Month 2,-77,-26,890,Sunny
1097,Month 2,-78,-27,889,Sunny
1096,Month 2,-79,-24,888,Sunny
1095,Month 2,-79,-24,888,Sunny
1094,Month 2,-80,-20,888,Sunny
1093,Month 2,-77,-21,887,Sunny
1092,Month 2,-79,-23,886,Sunny
1091,Month 2,-77,-21,886,Sunny
1090,Month 2,-78,-20,886,Sunny
1089,Month 2,-76,-19,885,Sunny
1088,Month 2,-77,-19,885,Sunny
1087,Month 2,-78,-19,885,Sunny
1086,Month 2,-77,-25,885,Sunny
1085,Month 2,-79,-23,886,Sunny
1084,Month 2,-78,-22,885,Sunny
1083,Month 2,-80,-20,883,Sunny
1082,Month 2,-79,-17,882,Sunny
1081,Month 2,-77,-18,882,Sunny
1080,Month 1,-77,-17,882,Sunny
1079,Month 1,-80,-21,882,Sunny
1078,Month 1,-80,-18,881,Sunny
1077,Month 1,-79,-16,880,Sunny
1076,Month 1,-81,-14,880,Sunny
1075,Month 1,-77,-13,879,Sunny
1074,Month 1,-77,-14,878,Sunny
1073,Month 1,-82,-15,879,Sunny
1072,Month 1,-78,-15,879,Sunny
1071,Month 1,-78,-16,878,Sunny
1070,Month 1,-80,-14,877,Sunny
1069,Month 1,-77,-22,876,Sunny
1068,Month 1,-76,-23,874,Sunny
1067,Month 1,-79,-24,875,Sunny
1066,Month 1,-78,-14,875,Sunny
1065,Month 1,-78,-19,873,Sunny
1064,Month 1,-77,-22,871,Sunny
1063,Month 1,-79,-19,871,Sunny
1062,Month 1,-77,-24,871,Sunny
1061,Month 1,-77,-23,871,Sunny
1060,Month 1,-78,-16,870,Sunny
1059,Month 1,-78,-20,870,Sunny
1058,Month 1,-78,-22,868,Sunny
1057,Month 1,-78,-22,867,Sunny
1056,Month 1,-76,-21,868,Sunny
1055,Month 1,-77,-20,868,Sunny
1054,Month 1,-77,-11,867,Sunny
1053,Month 1,-79,-11,865,Sunny
1052,Month 1,-78,-12,865,Sunny
1051,Month 1,-76,-20,864,Sunny
1050,Month 1,-76,-22,863,Sunny
1049,Month 1,-75,-21,864,Sunny
1048,Month 1,-78,-15,864,Sunny
1047,Month 1,-77,-14,863,Sunny
1046,Month 1,-77,-12,862,Sunny
1045,Month 1,-80,-13,861,Sunny
1044,Month 1,-79,-20,860,Sunny
1043,Month 1,-77,-20,860,Sunny
1042,Month 1,-76,-20,859,Sunny
1041,Month 1,-77,-22,859,Sunny
1040,Month 1,-77,-21,858,Sunny
1039,Month 1,-77,-21,857,Sunny
1038,Month 1,-76,-21,858,Sunny
1037,Month 1,-80,-21,856,Sunny
1036,Month 1,-76,-17,856,Sunny
1035,Month 1,-77,-12,857,Sunny
1034,Month 1,-76,-14,859,Sunny
1033,Month 1,-77,-14,856,Sunny
1032,Month 1,-74,-16,854,Sunny
1031,Month 1,-76,-15,854,Sunny
1030,Month 1,-77,-15,855,Sunny
1029,Month 1,-75,-14,856,Sunny
1028,Month 1,-75,-15,853,Sunny
1026,Month 1,-78,-16,851,Sunny
1025,Month 1,-74,-14,851,Sunny
1024,Month 1,-76,-15,851,Sunny
1023,Month 1,-76,-15,851,Sunny
1022,Month 1,-75,-12,852,Sunny
1021,Month 1,-76,-14,850,Sunny
1020,Month 1,-63,-12,832,Sunny
1019,Month 1,-81,-14,849,Sunny
1018,Month 12,-79,-15,850,Sunny
1017,Month 12,-78,-12,850,Sunny
1016,Month 12,-76,-11,847,Sunny
1015,Month 12,-75,-13,847,Sunny
1014,Month 12,-77,-14,846,Sunny
1013,Month 12,-80,-12,846,Sunny
1012,Month 12,-81,-16,846,Sunny
1011,Month 12,-78,-12,845,Sunny
1010,Month 12,-74,-11,846,Sunny
1009,Month 12,-75,-12,845,Sunny
1008,Month 12,-79,-12,844,Sunny
1007,Month 12,-79,-12,845,Sunny
1006,Month 12,-78,-13,844,Sunny
1005,Month 12,-75,-12,843,Sunny
1004,Month 12,-74,-9,842,Sunny
1003,Month 12,-74,-10,843,Sunny
1002,Month 12,-77,-12,844,Sunny
1001,Month 12,-79,-12,843,Sunny
1000,Month 12,-74,-12,841,Sunny
998,Month 12,-73,-8,842,Sunny
997,Month 12,-74,-13,843,Sunny
996,Month 12,-72,-4,842,Sunny
995,Month 12,-74,-4,842,Sunny
994,Month 12,-79,-5,842,Sunny
993,Month 12,-73,-8,840,Sunny
992,Month 12,-73,-6,842,Sunny
991,Month 12,-73,-3,840,Sunny
990,Month 12,-76,-1,839,Sunny
989,Month 12,-74,-10,841,Sunny
988,Month 12,-75,-10,840,Sunny
987,Month 12,-74,-7,839,Sunny
986,Month 12,-74,-1,840,Sunny
985,Month 12,-78,-5,840,Sunny
984,Month 12,-74,-6,840,Sunny
983,Month 12,-76,-6,840,Sunny
982,Month 12,-74,-4,840,Sunny
981,Month 12,-73,-3,841,Sunny
980,Month 12,-73,1,840,Sunny
979,Month 12,-79,-4,841,Sunny
978,Month 12,-73,-2,842,Sunny
977,Month 12,-75,-4,841,Sunny
976,Month 12,-75,-6,842,Sunny
975,Month 12,-73,-3,843,Sunny
974,Month 12,-73,-3,842,Sunny
973,Month 12,-72,-4,844,Sunny
972,Month 12,-73,-3,847,Sunny
971,Month 12,-71,-3,848,Sunny
970,Month 12,-71,-4,849,Sunny
969,Month 12,-72,-2,844,Sunny
968,Month 12,-71,-3,848,Sunny
967,Month 12,-74,-2,844,Sunny
966,Month 12,-73,-12,850,Sunny
965,Month 12,-75,-10,847,Sunny
964,Month 12,-72,-13,847,Sunny
963,Month 11,-71,-5,850,Sunny
962,Month 11,-73,-2,845,Sunny
961,Month 11,-71,-3,849,Sunny
960,Month 11,-76,-8,846,Sunny
959,Month 11,-78,-4,846,Sunny
958,Month 11,-74,-9,848,Sunny
957,Month 11,NaN,NaN,NaN,--
954,Month 11,-73,-3,847,Sunny
953,Month 11,-71,-5,847,Sunny
952,Month 11,-69,-6,847,Sunny
951,Month 11,-75,-4,849,Sunny
950,Month 11,-73,0,850,Sunny
949,Month 11,-72,-4,851,Sunny
948,Month 11,-73,-8,854,Sunny
947,Month 11,-70,-3,853,Sunny
946,Month 11,-77,-2,850,Sunny
945,Month 11,-72,-1,851,Sunny
944,Month 11,-70,0,852,Sunny
943,Month 11,-73,-1,854,Sunny
942,Month 11,-74,-1,857,Sunny
941,Month 11,-74,0,857,Sunny
940,Month 11,-73,-2,861,Sunny
939,Month 11,NaN,NaN,NaN,--
937,Month 11,-73,0,863,Sunny
936,Month 11,-72,-3,865,Sunny
935,Month 11,-75,-2,862,Sunny
934,Month 11,-73,1,858,Sunny
933,Month 11,-71,-4,863,Sunny
932,Month 11,-71,1,859,Sunny
931,Month 11,-69,-1,864,Sunny
930,Month 11,-75,-1,865,Sunny
929,Month 11,-75,0,866,Sunny
928,Month 11,-72,0,862,Sunny
927,Month 11,-76,-2,862,Sunny
926,Month 11,-76,1,864,Sunny
925,Month 11,-71,-2,862,Sunny
924,Month 11,-74,-1,867,Sunny
923,Month 11,-72,-5,867,Sunny
922,Month 11,-73,-2,870,Sunny
921,Month 11,-70,2,867,Sunny
920,Month 11,-72,-2,868,Sunny
919,Month 11,-74,-3,870,Sunny
918,Month 11,-71,0,867,Sunny
917,Month 11,-76,-1,871,Sunny
916,Month 11,-71,-5,872,Sunny
915,Month 11,-71,-4,878,Sunny
914,Month 11,-71,0,874,Sunny
913,Month 11,-71,-4,871,Sunny
912,Month 10,-75,-4,875,Sunny
911,Month 10,-70,0,874,Sunny
910,Month 10,-73,0,878,Sunny
909,Month 10,-70,-2,878,Sunny
908,Month 10,-71,-3,883,Sunny
907,Month 10,-75,-1,879,Sunny
906,Month 10,-76,-3,878,Sunny
905,Month 10,-71,-2,880,Sunny
904,Month 10,-71,0,878,Sunny
903,Month 10,-71,-2,882,Sunny
902,Month 10,-68,0,883,Sunny
901,Month 10,-71,-2,885,Sunny
900,Month 10,-70,1,883,Sunny
899,Month 10,-75,-1,881,Sunny
898,Month 10,-72,2,883,Sunny
897,Month 10,-72,5,884,Sunny
896,Month 10,-70,1,888,Sunny
895,Month 10,-72,-4,889,Sunny
894,Month 10,-75,-4,891,Sunny
893,Month 10,-72,2,890,Sunny
892,Month 10,-71,-3,892,Sunny
891,Month 10,-72,-3,892,Sunny
890,Month 10,-72,-4,892,Sunny
889,Month 10,-70,2,895,Sunny
888,Month 10,-70,-5,896,Sunny
887,Month 10,-73,-4,897,Sunny
886,Month 10,-73,-6,894,Sunny
885,Month 10,-71,-4,895,Sunny
884,Month 10,-71,-5,897,Sunny
883,Month 10,-74,-4,897,Sunny
882,Month 10,-76,-6,901,Sunny
881,Month 10,-73,-4,899,Sunny
880,Month 10,NaN,NaN,NaN,--
872,Month 10,-72,1,902,Sunny
871,Month 10,-70,-7,903,Sunny
870,Month 10,-74,-6,909,Sunny
869,Month 10,-72,-4,906,Sunny
868,Month 10,-71,-4,908,Sunny
867,Month 10,-71,-2,910,Sunny
866,Month 10,-71,-4,911,Sunny
865,Month 10,-70,-5,913,Sunny
864,Month 9,-70,-1,914,Sunny
863,Month 9,-72,-13,916,Sunny
862,Month 9,-70,-2,917,Sunny
861,Month 9,-70,-7,917,Sunny
860,Month 9,-69,-8,916,Sunny
859,Month 9,-72,-8,915,Sunny
858,Month 9,-73,-6,913,Sunny
857,Month 9,-76,0,911,Sunny
856,Month 9,-68,-3,912,Sunny
855,Month 9,-69,0,912,Sunny
854,Month 9,-66,3,910,Sunny
853,Month 9,-67,0,913,Sunny
852,Month 9,-73,-3,916,Sunny
851,Month 9,-68,-6,919,Sunny
850,Month 9,-68,-1,918,Sunny
849,Month 9,-69,-1,918,Sunny
848,Month 9,-69,-4,918,Sunny
847,Month 9,-69,-8,918,Sunny
846,Month 9,-74,-7,925,Sunny
845,Month 9,-73,0,920,Sunny
844,Month 9,-68,5,917,Sunny
843,Month 9,-69,1,916,Sunny
842,Month 9,-69,-6,914,Sunny
841,Month 9,-75,-7,914,Sunny
840,Month 9,-74,-4,913,Sunny
839,Month 9,-70,-1,917,Sunny
838,Month 9,-69,-1,917,Sunny
837,Month 9,-69,4,916,Sunny
836,Month 9,-69,-1,916,Sunny
835,Month 9,-69,-1,917,Sunny
834,Month 9,-68,-3,918,Sunny
833,Month 9,-69,-1,923,Sunny
832,Month 9,-68,-2,924,Sunny
831,Month 9,-68,-6,920,Sunny
830,Month 9,-68,-1,918,Sunny
829,Month 9,-71,-2,914,Sunny
828,Month 9,-71,-1,914,Sunny
827,Month 9,-68,0,911,Sunny
826,Month 9,-68,0,914,Sunny
825,Month 9,-67,1,914,Sunny
824,Month 9,-67,2,914,Sunny
823,Month 9,-69,0,912,Sunny
822,Month 9,-71,1,911,Sunny
821,Month 9,-68,2,910,Sunny
820,Month 9,-68,-1,910,Sunny
819,Month 9,-71,0,913,Sunny
818,Month 8,-68,0,914,Sunny
817,Month 8,-69,0,913,Sunny
816,Month 8,-74,-7,909,Sunny
815,Month 8,-69,-8,905,Sunny
814,Month 8,-68,-3,902,Sunny
813,Month 8,-67,2,904,Sunny
812,Month 8,-75,3,902,Sunny
811,Month 8,-71,-6,900,Sunny
810,Month 8,-69,3,897,Sunny
809,Month 8,-70,-2,895,Sunny
808,Month 8,-67,7,893,Sunny
807,Month 8,-71,1,892,Sunny
806,Month 8,-69,2,893,Sunny
805,Month 8,-70,1,893,Sunny
804,Month 8,-73,0,891,Sunny
803,Month 8,-69,0,888,Sunny
802,Month 8,-69,7,887,Sunny
801,Month 8,-70,3,884,Sunny
800,Month 8,-67,-2,884,Sunny
799,Month 8,-70,-4,884,Sunny
798,Month 8,-67,0,883,Sunny
797,Month 8,-65,-1,879,Sunny
796,Month 8,-65,1,877,Sunny
795,Month 8,-68,1,875,Sunny
794,Month 8,-68,-5,874,Sunny
793,Month 8,-71,0,877,Sunny
792,Month 8,-71,0,873,Sunny
791,Month 8,-70,0,867,Sunny
790,Month 8,-68,2,864,Sunny
789,Month 8,-68,-4,862,Sunny
788,Month 8,-68,-5,862,Sunny
787,Month 8,-73,-7,860,Sunny
786,Month 8,-74,-4,861,Sunny
785,Month 8,-74,-1,858,Sunny
784,Month 8,-69,-4,857,Sunny
783,Month 8,-69,6,853,Sunny
782,Month 8,-71,9,854,Sunny
781,Month 8,-74,-5,849,Sunny
780,Month 8,-72,0,852,Sunny
779,Month 8,-71,6,845,Sunny
778,Month 8,-70,6,846,Sunny
777,Month 8,-72,8,841,Sunny
776,Month 8,-72,5,841,Sunny
775,Month 8,-71,3,838,Sunny
774,Month 8,-73,1,838,Sunny
773,Month 8,-70,8,838,Sunny
772,Month 8,-71,8,835,Sunny
771,Month 7,-71,9,836,Sunny
770,Month 7,-70,2,829,Sunny
769,Month 7,-73,4,829,Sunny
768,Month 7,-73,2,826,Sunny
767,Month 7,-71,9,824,Sunny
766,Month 7,-70,8,824,Sunny
765,Month 7,-73,5,820,Sunny
764,Month 7,-73,4,821,Sunny
763,Month 7,-78,6,817,Sunny
762,Month 7,-75,7,814,Sunny
761,Month 7,-72,7,814,Sunny
760,Month 7,-70,11,810,Sunny
759,Month 7,-77,8,809,Sunny
758,Month 7,-71,3,810,Sunny
757,Month 7,-73,5,807,Sunny
756,Month 7,-73,3,806,Sunny
755,Month 7,-74,2,806,Sunny
754,Month 7,-73,6,802,Sunny
753,Month 7,-73,8,800,Sunny
752,Month 7,-71,-3,798,Sunny
751,Month 7,-72,-6,797,Sunny
750,Month 7,-72,4,796,Sunny
749,Month 7,-73,3,794,Sunny
748,Month 7,-71,5,791,Sunny
747,Month 7,-73,6,789,Sunny
746,Month 7,-76,2,788,Sunny
745,Month 7,-74,1,787,Sunny
744,Month 7,-75,-2,786,Sunny
743,Month 7,-72,0,786,Sunny
742,Month 7,-72,0,784,Sunny
741,Month 7,-70,-1,784,Sunny
740,Month 7,-76,-2,782,Sunny
739,Month 7,-77,-1,779,Sunny
738,Month 7,-75,0,778,Sunny
737,Month 7,-74,3,777,Sunny
736,Month 7,-76,0,776,Sunny
735,Month 7,-73,1,776,Sunny
734,Month 7,-73,-3,776,Sunny
733,Month 7,-74,-2,773,Sunny
732,Month 7,-75,-8,773,Sunny
731,Month 7,-75,-4,771,Sunny
730,Month 7,-76,3,770,Sunny
729,Month 7,-75,3,768,Sunny
728,Month 7,-74,1,766,Sunny
727,Month 7,-76,1,766,Sunny
726,Month 7,-75,1,766,Sunny
725,Month 7,-73,-5,764,Sunny
724,Month 7,-74,1,763,Sunny
723,Month 7,-73,2,761,Sunny
722,Month 6,-74,1,760,Sunny
721,Month 6,-73,-5,761,Sunny
720,Month 6,-74,-1,760,Sunny
719,Month 6,-77,-1,758,Sunny
718,Month 6,-77,3,757,Sunny
717,Month 6,-76,5,756,Sunny
716,Month 6,-75,2,755,Sunny
715,Month 6,-73,2,755,Sunny
714,Month 6,-76,2,754,Sunny
713,Month 6,-76,-12,754,Sunny
712,Month 6,-77,-10,752,Sunny
711,Month 6,-75,-11,751,Sunny
710,Month 6,-77,-12,751,Sunny
709,Month 6,-73,-11,750,Sunny
708,Month 6,-76,1,749,Sunny
707,Month 6,-76,1,749,Sunny
706,Month 6,-76,0,748,Sunny
705,Month 6,-76,-9,746,Sunny
704,Month 6,-75,-5,747,Sunny
703,Month 6,-75,-6,747,Sunny
702,Month 6,-76,-2,745,Sunny
701,Month 6,-77,-1,745,Sunny
700,Month 6,-75,-2,745,Sunny
699,Month 6,-76,-2,744,Sunny
698,Month 6,-77,-3,743,Sunny
697,Month 6,-74,-4,743,Sunny
696,Month 6,-75,-2,743,Sunny
695,Month 6,-76,-1,741,Sunny
694,Month 6,-75,-1,740,Sunny
693,Month 6,-76,-2,741,Sunny
692,Month 6,-76,-4,742,Sunny
691,Month 6,-76,-8,741,Sunny
690,Month 6,-77,-7,741,Sunny
689,Month 6,-76,-6,742,Sunny
688,Month 6,-77,-5,741,Sunny
687,Month 6,-77,-2,739,Sunny
686,Month 6,-76,-4,738,Sunny
685,Month 6,-77,-2,740,Sunny
684,Month 6,-75,-9,741,Sunny
683,Month 6,-79,-7,741,Sunny
682,Month 6,-77,-16,739,Sunny
681,Month 6,-79,-17,738,Sunny
680,Month 6,-76,-15,740,Sunny
679,Month 6,-77,-13,738,Sunny
678,Month 6,-77,-17,739,Sunny
677,Month 6,-78,-12,737,Sunny
676,Month 6,-80,-17,738,Sunny
675,Month 6,-80,-12,740,Sunny
674,Month 6,-80,-17,739,Sunny
673,Month 6,-78,-16,738,Sunny
672,Month 6,-78,-16,739,Sunny
671,Month 6,-79,-15,740,Sunny
670,Month 6,-79,-7,737,Sunny
669,Month 6,-84,-4,735,Sunny
668,Month 6,-75,-4,734,Sunny
667,Month 5,-76,-7,736,Sunny
666,Month 5,-77,-7,736,Sunny
665,Month 5,-78,-4,735,Sunny
664,Month 5,-78,-8,732,Sunny
663,Month 5,-77,-10,734,Sunny
662,Month 5,-77,-11,735,Sunny
661,Month 5,-76,-10,735,Sunny
660,Month 5,-78,-12,735,Sunny
659,Month 5,-77,-14,738,Sunny
658,Month 5,-79,-10,739,Sunny
657,Month 5,-79,-6,739,Sunny
656,Month 5,-80,-13,740,Sunny
655,Month 5,-77,-14,741,Sunny
654,Month 5,-79,-8,742,Sunny
653,Month 5,-80,-13,744,Sunny
652,Month 5,-79,-12,745,Sunny
651,Month 5,-80,-8,743,Sunny
650,Month 5,-80,-11,743,Sunny
649,Month 5,-79,-14,745,Sunny
648,Month 5,-80,-20,746,Sunny
647,Month 5,-79,-19,746,Sunny
646,Month 5,-81,-16,746,Sunny
645,Month 5,-81,-8,746,Sunny
644,Month 5,-80,-10,748,Sunny
643,Month 5,-80,-14,748,Sunny
642,Month 5,-80,-19,749,Sunny
641,Month 5,-81,-19,749,Sunny
640,Month 5,-81,-11,750,Sunny
639,Month 5,-80,-16,750,Sunny
638,Month 5,-80,-12,751,Sunny
637,Month 5,-80,-18,752,Sunny
636,Month 5,-81,-19,752,Sunny
635,Month 5,-82,-10,754,Sunny
634,Month 5,-82,-20,753,Sunny
633,Month 5,-81,-15,754,Sunny
632,Month 5,-79,-18,755,Sunny
631,Month 5,-81,-18,756,Sunny
630,Month 5,-82,-20,757,Sunny
629,Month 5,-84,-24,759,Sunny
628,Month 5,-81,-23,759,Sunny
627,Month 5,-82,-19,759,Sunny
626,Month 5,-82,-21,760,Sunny
625,Month 5,-81,-24,761,Sunny
624,Month 5,-82,-19,762,Sunny
623,Month 5,-83,-21,763,Sunny
622,Month 5,-84,-19,763,Sunny
621,Month 5,-82,-21,765,Sunny
620,Month 5,-83,-19,765,Sunny
619,Month 5,-82,-22,766,Sunny
618,Month 5,-83,-23,769,Sunny
617,Month 5,-84,-19,769,Sunny
616,Month 5,-82,-19,769,Sunny
615,Month 5,-83,-23,771,Sunny
614,Month 5,-82,-19,772,Sunny
613,Month 5,-84,-21,773,Sunny
612,Month 5,-85,-27,774,Sunny
611,Month 5,-84,-23,775,Sunny
610,Month 5,-85,-20,776,Sunny
609,Month 5,-84,-20,777,Sunny
608,Month 4,-85,-21,777,Sunny
607,Month 4,-83,-28,779,Sunny
606,Month 4,-84,-27,780,Sunny
605,Month 4,-83,-22,781,Sunny
604,Month 4,-84,-17,782,Sunny
603,Month 4,-83,-15,783,Sunny
602,Month 4,-82,-22,784,Sunny
601,Month 4,-82,-25,785,Sunny
600,Month 4,-81,-25,787,Sunny
599,Month 4,-84,-20,788,Sunny
598,Month 4,-84,-25,787,Sunny
597,Month 4,-84,-26,790,Sunny
596,Month 4,-82,-24,791,Sunny
595,Month 4,-83,-25,792,Sunny
594,Month 4,-83,-22,793,Sunny
593,Month 4,-83,-23,795,Sunny
592,Month 4,-83,-26,795,Sunny
591,Month 4,-82,-26,795,Sunny
590,Month 4,-82,-26,797,Sunny
589,Month 4,-85,-27,798,Sunny
588,Month 4,-84,-24,799,Sunny
587,Month 4,-85,-28,801,Sunny
586,Month 4,-82,-24,802,Sunny
585,Month 4,-83,-26,802,Sunny
584,Month 4,-82,-25,804,Sunny
583,Month 4,-82,-27,806,Sunny
582,Month 4,-84,-27,807,Sunny
581,Month 4,-84,-28,808,Sunny
580,Month 4,-83,-24,810,Sunny
579,Month 4,-82,-22,811,Sunny
578,Month 4,-83,-23,812,Sunny
577,Month 4,-84,-27,813,Sunny
576,Month 4,-84,-26,815,Sunny
575,Month 4,-82,-26,816,Sunny
574,Month 4,-85,-23,817,Sunny
573,Month 4,-84,-27,819,Sunny
572,Month 4,-85,-27,820,Sunny
571,Month 4,-84,-26,821,Sunny
570,Month 4,-84,-26,823,Sunny
569,Month 4,-85,-27,825,Sunny
568,Month 4,-86,-28,825,Sunny
567,Month 4,-86,-28,827,Sunny
566,Month 4,-86,-27,829,Sunny
565,Month 4,-85,-27,830,Sunny
564,Month 4,-86,-27,831,Sunny
563,Month 4,-87,-31,833,Sunny
562,Month 4,-85,-23,834,Sunny
561,Month 4,-85,-23,835,Sunny
560,Month 4,-86,-23,836,Sunny
559,Month 4,-85,-27,838,Sunny
558,Month 4,-85,-26,839,Sunny
557,Month 4,-85,-29,840,Sunny
556,Month 4,-85,-29,842,Sunny
555,Month 4,-85,-31,843,Sunny
554,Month 4,-84,-22,843,Sunny
553,Month 4,-84,-26,845,Sunny
552,Month 4,-86,-29,847,Sunny
551,Month 4,-85,-28,848,Sunny
550,Month 4,-85,-27,850,Sunny
549,Month 4,-87,-23,851,Sunny
548,Month 4,-86,-28,852,Sunny
547,Month 4,-85,-29,853,Sunny
546,Month 4,-85,-34,855,Sunny
545,Month 4,-85,-29,856,Sunny
544,Month 4,-86,-27,857,Sunny
543,Month 3,-84,-26,858,Sunny
542,Month 3,-85,-28,859,Sunny
541,Month 3,-84,-27,861,Sunny
540,Month 3,-84,-29,862,Sunny
539,Month 3,-85,-23,864,Sunny
538,Month 3,-85,-25,865,Sunny
537,Month 3,-83,-28,865,Sunny
536,Month 3,-83,-29,867,Sunny
535,Month 3,-88,-29,868,Sunny
534,Month 3,-86,-29,869,Sunny
533,Month 3,-87,-30,871,Sunny
532,Month 3,-88,-23,872,Sunny
531,Month 3,-87,-22,872,Sunny
530,Month 3,-87,-28,873,Sunny
529,Month 3,-87,-23,875,Sunny
528,Month 3,-86,-26,876,Sunny
527,Month 3,-86,-23,877,Sunny
526,Month 3,-87,-24,878,Sunny
525,Month 3,-87,-29,878,Sunny
524,Month 3,-85,-27,880,Sunny
523,Month 3,-85,-25,881,Sunny
522,Month 3,-85,-26,881,Sunny
521,Month 3,-87,-26,882,Sunny
520,Month 3,-86,-24,884,Sunny
519,Month 3,-86,-25,884,Sunny
518,Month 3,-85,-29,885,Sunny
517,Month 3,-86,-27,885,Sunny
516,Month 3,-86,-25,888,Sunny
515,Month 3,-86,-23,888,Sunny
514,Month 3,-86,-29,888,Sunny
513,Month 3,-86,-29,889,Sunny
512,Month 3,-86,-24,890,Sunny
511,Month 3,-85,-31,892,Sunny
510,Month 3,-85,-31,892,Sunny
509,Month 3,-86,-30,895,Sunny
508,Month 3,-83,-29,893,Sunny
507,Month 3,-85,-25,894,Sunny
506,Month 3,-86,-27,894,Sunny
505,Month 3,-85,-29,895,Sunny
504,Month 3,-85,-29,895,Sunny
503,Month 3,-86,-28,897,Sunny
502,Month 3,-87,-30,898,Sunny
501,Month 3,-86,-28,898,Sunny
500,Month 3,-85,-23,897,Sunny
499,Month 3,-84,-30,899,Sunny
498,Month 3,-86,-28,901,Sunny
497,Month 3,-86,-30,901,Sunny
496,Month 3,-85,-26,901,Sunny
495,Month 3,-86,-26,900,Sunny
494,Month 3,-85,-24,902,Sunny
493,Month 3,-84,-32,902,Sunny
492,Month 3,-86,-30,903,Sunny
491,Month 3,-86,-30,903,Sunny
490,Month 3,-87,-31,903,Sunny
489,Month 3,-85,-29,904,Sunny
488,Month 3,-87,-23,903,Sunny
487,Month 3,-85,-30,904,Sunny
486,Month 3,-84,-31,904,Sunny
485,Month 3,NaN,NaN,NaN,Sunny
478,Month 3,NaN,NaN,NaN,Sunny
477,Month 3,-85,-26,907,Sunny
476,Month 2,-85,-25,906,Sunny
475,Month 2,-85,-28,906,Sunny
474,Month 2,-84,-26,906,Sunny
473,Month 2,-86,-29,907,Sunny
472,Month 2,-84,-31,907,Sunny
471,Month 2,-84,-26,906,Sunny
470,Month 2,-85,-26,907,Sunny
469,Month 2,-85,-29,908,Sunny
468,Month 2,-85,-29,907,Sunny
467,Month 2,-84,-28,907,Sunny
466,Month 2,-85,-26,907,Sunny
465,Month 2,-85,-23,906,Sunny
464,Month 2,-84,-26,906,Sunny
463,Month 2,-86,-26,906,Sunny
462,Month 2,NaN,NaN,NaN,Sunny
457,Month 2,NaN,NaN,NaN,Sunny
456,Month 2,-83,-26,905,Sunny
455,Month 2,-84,-28,905,Sunny
454,Month 2,NaN,NaN,NaN,Sunny
444,Month 2,NaN,NaN,NaN,Sunny
443,Month 2,-81,-24,901,Sunny
442,Month 2,-80,-22,900,Sunny
441,Month 2,-81,-23,900,Sunny
440,Month 2,-80,-25,899,Sunny
439,Month 2,-80,-21,899,Sunny
438,Month 2,-79,-26,899,Sunny
437,Month 2,-82,-27,898,Sunny
436,Month 2,-81,-24,897,Sunny
435,Month 2,-81,-24,896,Sunny
434,Month 2,-80,-25,896,Sunny
433,Month 2,-81,-26,895,Sunny
432,Month 2,-80,-26,896,Sunny
431,Month 2,-83,-24,895,Sunny
430,Month 2,-82,-24,896,Sunny
429,Month 2,-82,-21,895,Sunny
428,Month 2,-81,-23,894,Sunny
427,Month 2,-81,-21,893,Sunny
426,Month 2,-79,-22,893,Sunny
425,Month 2,-81,-21,893,Sunny
424,Month 2,-81,-22,893,Sunny
423,Month 2,-81,-24,892,Sunny
422,Month 2,-82,-20,891,Sunny
421,Month 2,-81,-24,890,Sunny
420,Month 2,-80,-19,892,Sunny
419,Month 2,-82,-24,891,Sunny
418,Month 2,-79,-21,891,Sunny
417,Month 2,-82,-21,890,Sunny
416,Month 2,-79,-18,889,Sunny
415,Month 2,-82,-19,890,Sunny
414,Month 2,-79,-18,889,Sunny
413,Month 2,-82,-22,888,Sunny
412,Month 2,-80,-22,888,Sunny
411,Month 1,-82,-17,887,Sunny
410,Month 1,-81,-14,888,Sunny
409,Month 1,-81,-17,887,Sunny
408,Month 1,-80,-16,887,Sunny
407,Month 1,-81,-17,887,Sunny
406,Month 1,-81,-15,886,Sunny
405,Month 1,-82,-25,885,Sunny
404,Month 1,-78,-20,884,Sunny
403,Month 1,-80,-18,883,Sunny
402,Month 1,-78,-18,883,Sunny
401,Month 1,-79,-15,882,Sunny
400,Month 1,-79,-16,881,Sunny
399,Month 1,-79,-16,881,Sunny
398,Month 1,-79,-14,880,Sunny
397,Month 1,-75,-15,880,Sunny
396,Month 1,-78,-15,879,Sunny
395,Month 1,-77,-20,878,Sunny
394,Month 1,-79,-18,878,Sunny
393,Month 1,-76,-18,877,Sunny
392,Month 1,-77,-17,876,Sunny
391,Month 1,-78,-17,875,Sunny
390,Month 1,-78,-16,875,Sunny
389,Month 1,-79,-14,875,Sunny
388,Month 1,-79,-13,875,Sunny
387,Month 1,-78,-13,874,Sunny
386,Month 1,-77,-12,873,Sunny
385,Month 1,-78,-12,874,Sunny
384,Month 1,-77,-12,875,Sunny
383,Month 1,-77,-12,874,Sunny
382,Month 1,-76,-14,872,Sunny
381,Month 1,-79,-13,871,Sunny
380,Month 1,-79,-13,870,Sunny
379,Month 1,-79,-12,870,Sunny
378,Month 1,-78,-18,869,Sunny
377,Month 1,-78,-12,870,Sunny
376,Month 1,-78,-11,870,Sunny
375,Month 1,-77,-9,867,Sunny
374,Month 1,-79,-9,866,Sunny
373,Month 1,-79,-8,866,Sunny
372,Month 1,-76,-9,866,Sunny
371,Month 1,-77,-11,865,Sunny
370,Month 1,-79,-9,865,Sunny
369,Month 1,-75,-9,865,Sunny
368,Month 1,-77,-9,863,Sunny
367,Month 1,-76,-9,862,Sunny
366,Month 1,-76,-12,861,Sunny
365,Month 1,NaN,NaN,NaN,Sunny
358,Month 1,NaN,NaN,NaN,Sunny
357,Month 1,-76,-7,857,Sunny
356,Month 1,-77,-7,856,Sunny
355,Month 1,-75,-7,857,Sunny
354,Month 1,-75,-13,857,Sunny
353,Month 1,-75,-8,855,Sunny
352,Month 1,-77,-9,854,Sunny
351,Month 1,-75,-12,853,Sunny
350,Month 12,-76,-6,853,Sunny
349,Month 12,-75,-12,852,Sunny
348,Month 12,-74,-8,850,Sunny
347,Month 12,-77,-9,851,Sunny
346,Month 12,-76,-7,853,Sunny
345,Month 12,-77,-7,853,Sunny
344,Month 12,-77,-6,851,Sunny
343,Month 12,-77,-11,850,Sunny
342,Month 12,-76,-7,851,Sunny
341,Month 12,-77,-6,852,Sunny
340,Month 12,-76,-6,851,Sunny
339,Month 12,-76,-8,849,Sunny
338,Month 12,-78,-7,848,Sunny
337,Month 12,-75,-7,853,Sunny
336,Month 12,-76,-8,852,Sunny
335,Month 12,-76,-7,852,Sunny
334,Month 12,-74,-6,852,Sunny
333,Month 12,-75,-5,849,Sunny
332,Month 12,-76,-5,849,Sunny
331,Month 12,-74,-3,848,Sunny
330,Month 12,-75,-5,848,Sunny
329,Month 12,-74,-7,847,Sunny
328,Month 12,-75,-5,847,Sunny
327,Month 12,-74,-8,848,Sunny
326,Month 12,-72,-5,848,Sunny
325,Month 12,-74,-8,847,Sunny
324,Month 12,-75,-8,850,Sunny
323,Month 12,-74,-6,847,Sunny
322,Month 12,-74,-5,849,Sunny
321,Month 12,-75,-5,847,Sunny
320,Month 12,-74,-4,846,Sunny
319,Month 12,-73,-3,847,Sunny
318,Month 12,-74,-4,849,Sunny
317,Month 12,-72,-4,849,Sunny
316,Month 12,-74,-16,851,Sunny
315,Month 12,-74,-10,850,Sunny
314,Month 12,-73,-11,848,Sunny
313,Month 12,-77,-14,849,Sunny
312,Month 12,-71,-11,845,Sunny
311,Month 12,-74,-8,846,Sunny
310,Month 12,-71,-9,849,Sunny
309,Month 12,-72,-7,848,Sunny
308,Month 12,-73,-5,850,Sunny
307,Month 12,-72,-8,851,Sunny
306,Month 12,-71,-8,848,Sunny
305,Month 12,-71,-5,847,Sunny
304,Month 12,-70,-6,848,Sunny
303,Month 12,-71,-8,849,Sunny
302,Month 12,-71,-3,850,Sunny
301,Month 12,-73,-6,852,Sunny
300,Month 12,-72,-8,852,Sunny
299,Month 12,-71,-8,849,Sunny
298,Month 12,-72,-3,850,Sunny
297,Month 12,-72,-7,849,Sunny
296,Month 12,-71,-9,850,Sunny
295,Month 12,-71,-15,853,Sunny
294,Month 11,-72,-4,852,Sunny
293,Month 11,-72,-4,850,Sunny
292,Month 11,-71,-1,853,Sunny
291,Month 11,-70,-4,853,Sunny
290,Month 11,-71,-3,853,Sunny
289,Month 11,-71,-3,854,Sunny
288,Month 11,-69,-4,854,Sunny
287,Month 11,-72,-3,856,Sunny
286,Month 11,-71,-2,854,Sunny
285,Month 11,-70,-5,852,Sunny
284,Month 11,-71,-3,854,Sunny
283,Month 11,-68,-4,854,Sunny
282,Month 11,-72,-2,856,Sunny
281,Month 11,-68,-2,855,Sunny
280,Month 11,-69,-4,856,Sunny
279,Month 11,-68,-5,856,Sunny
278,Month 11,-67,-3,855,Sunny
277,Month 11,-69,-4,857,Sunny
276,Month 11,-69,-4,858,Sunny
275,Month 11,-67,-6,860,Sunny
274,Month 11,-70,-2,861,Sunny
273,Month 11,-70,-4,861,Sunny
272,Month 11,-71,-5,864,Sunny
271,Month 11,-69,-6,864,Sunny
270,Month 11,-67,-6,863,Sunny
269,Month 11,-72,-3,866,Sunny
268,Month 11,-70,-5,864,Sunny
267,Month 11,NaN,NaN,NaN,Sunny
262,Month 11,NaN,NaN,NaN,Sunny
261,Month 11,-70,-4,868,Sunny
260,Month 11,-70,-11,875,Sunny
259,Month 11,-72,-3,871,Sunny
258,Month 11,-71,-9,869,Sunny
257,Month 11,-70,-1,871,Sunny
256,Month 11,-70,-2,871,Sunny
255,Month 11,-69,-5,877,Sunny
254,Month 11,-70,-3,871,Sunny
253,Month 11,-71,-6,877,Sunny
252,Month 11,-71,-8,874,Sunny
251,Month 11,-71,-2,876,Sunny
250,Month 11,-70,-2,877,Sunny
249,Month 11,-69,-3,873,Sunny
248,Month 11,-70,-4,877,Sunny
247,Month 11,-71,-4,873,Sunny
246,Month 11,-73,-1,878,Sunny
245,Month 11,-70,-6,879,Sunny
244,Month 11,-69,-6,878,Sunny
243,Month 10,-71,-7,884,Sunny
242,Month 10,-70,-7,881,Sunny
241,Month 10,-72,0,884,Sunny
240,Month 10,-70,-6,884,Sunny
239,Month 10,-73,-1,885,Sunny
238,Month 10,-70,-2,885,Sunny
237,Month 10,-71,-5,883,Sunny
236,Month 10,-72,-3,886,Sunny
235,Month 10,-70,0,886,Sunny
234,Month 10,-69,-4,890,Sunny
233,Month 10,-69,-3,889,Sunny
232,Month 10,-69,-5,888,Sunny
231,Month 10,-71,-6,890,Sunny
230,Month 10,-69,0,888,Sunny
229,Month 10,-69,-4,894,Sunny
228,Month 10,-71,-3,894,Sunny
227,Month 10,-70,4,892,Sunny
226,Month 10,-70,1,894,Sunny
225,Month 10,-71,-8,894,Sunny
224,Month 10,-69,-1,894,Sunny
223,Month 10,-71,-5,895,Sunny
222,Month 10,NaN,NaN,NaN,Sunny
215,Month 10,NaN,NaN,NaN,Sunny
200,Month 10,NaN,NaN,NaN,Sunny
199,Month 10,-66,0,917,Sunny
198,Month 10,-67,-2,914,Sunny
197,Month 10,-68,-3,915,Sunny
196,Month 9,-66,-3,916,Sunny
195,Month 9,NaN,NaN,NaN,Sunny
192,Month 9,NaN,NaN,NaN,Sunny
191,Month 9,-67,-3,921,Sunny
190,Month 9,-66,-3,917,Sunny
189,Month 9,-68,-2,920,Sunny
188,Month 9,-68,-3,920,Sunny
187,Month 9,-67,-1,921,Sunny
186,Month 9,-66,-2,922,Sunny
185,Month 9,-67,-5,923,Sunny
184,Month 9,-67,0,923,Sunny
183,Month 9,-67,-1,921,Sunny
182,Month 9,-67,0,921,Sunny
181,Month 9,-67,1,918,Sunny
180,Month 9,-67,-1,919,Sunny
179,Month 9,-66,-7,920,Sunny
178,Month 9,-66,-2,920,Sunny
177,Month 9,-66,-1,921,Sunny
176,Month 9,-67,0,920,Sunny
175,Month 9,-68,-4,921,Sunny
174,Month 9,-67,0,921,Sunny
173,Month 9,-67,0,920,Sunny
172,Month 9,-67,0,923,Sunny
171,Month 9,-67,1,925,Sunny
170,Month 9,-66,0,925,Sunny
169,Month 9,-66,0,922,Sunny
168,Month 9,-66,1,923,Sunny
167,Month 9,-65,-3,920,Sunny
166,Month 9,-65,-5,922,Sunny
165,Month 9,-65,-3,922,Sunny
164,Month 9,-64,-1,919,Sunny
163,Month 9,-65,-1,919,Sunny
162,Month 9,-65,-1,919,Sunny
161,Month 9,-65,-2,919,Sunny
160,Month 9,-67,-3,919,Sunny
159,Month 9,-65,-4,918,Sunny
158,Month 9,-66,-3,922,Sunny
157,Month 9,-64,-2,920,Sunny
156,Month 9,-65,0,922,Sunny
155,Month 9,-64,0,917,Sunny
154,Month 9,-65,-2,917,Sunny
153,Month 9,-65,1,915,Sunny
152,Month 9,-63,1,914,Sunny
151,Month 9,-65,-3,915,Sunny
150,Month 8,-64,-3,913,Sunny
149,Month 8,-65,0,914,Sunny
148,Month 8,-65,-3,912,Sunny
147,Month 8,-65,0,914,Sunny
146,Month 8,-65,-1,908,Sunny
145,Month 8,-64,-1,909,Sunny
144,Month 8,-64,2,907,Sunny
143,Month 8,-63,-2,908,Sunny
142,Month 8,-65,0,906,Sunny
141,Month 8,-64,-2,904,Sunny
140,Month 8,-66,-2,903,Sunny
139,Month 8,-66,0,899,Sunny
138,Month 8,-65,-1,899,Sunny
137,Month 8,-64,-1,896,Sunny
136,Month 8,-65,-1,897,Sunny
135,Month 8,-65,-5,894,Sunny
134,Month 8,-67,-1,893,Sunny
133,Month 8,-65,1,891,Sunny
132,Month 8,-65,-6,890,Sunny
131,Month 8,-65,-8,889,Sunny
130,Month 8,-65,-9,888,Sunny
129,Month 8,-65,-2,886,Sunny
128,Month 8,-67,-3,883,Sunny
127,Month 8,-67,-1,884,Sunny
126,Month 8,-66,-4,880,Sunny
125,Month 8,-68,-5,880,Sunny
124,Month 8,-66,-5,876,Sunny
123,Month 8,-66,-10,875,Sunny
122,Month 8,-65,-3,869,Sunny
121,Month 8,-66,0,869,Sunny
120,Month 8,-67,-3,867,Sunny
119,Month 8,-66,-6,866,Sunny
118,Month 8,-65,-6,864,Sunny
117,Month 8,-66,-5,861,Sunny
116,Month 8,-67,-6,859,Sunny
115,Month 8,-66,-8,857,Sunny
114,Month 8,-69,-6,857,Sunny
113,Month 8,-66,-6,857,Sunny
112,Month 8,-65,-8,852,Sunny
111,Month 8,-66,-4,849,Sunny
110,Month 8,-65,-5,848,Sunny
109,Month 8,-64,-3,844,Sunny
108,Month 8,-65,-4,845,Sunny
107,Month 8,-66,-5,844,Sunny
106,Month 8,-66,-8,841,Sunny
105,Month 8,-66,-6,839,Sunny
104,Month 8,-67,-5,838,Sunny
103,Month 7,-66,-3,836,Sunny
102,Month 7,-67,-3,833,Sunny
101,Month 7,-65,-2,830,Sunny
100,Month 7,-66,-1,829,Sunny
99,Month 7,-68,-1,829,Sunny
98,Month 7,-68,-1,828,Sunny
97,Month 7,-68,-3,828,Sunny
96,Month 7,-71,2,826,Sunny
95,Month 7,-68,0,822,Sunny
94,Month 7,-70,0,822,Sunny
93,Month 7,-72,-1,819,Sunny
92,Month 7,-74,-1,820,Sunny
91,Month 7,-74,-1,817,Sunny
90,Month 7,-71,0,813,Sunny
89,Month 7,-73,-1,813,Sunny
88,Month 7,-70,-2,811,Sunny
87,Month 7,-70,-2,808,Sunny
86,Month 7,-71,-4,808,Sunny
85,Month 7,-71,-1,805,Sunny
84,Month 7,-70,0,801,Sunny
83,Month 7,-72,0,801,Sunny
82,Month 7,-72,0,799,Sunny
81,Month 7,-72,-2,798,Sunny
80,Month 7,-70,-3,796,Sunny
79,Month 7,-73,-1,795,Sunny
78,Month 7,-71,0,793,Sunny
77,Month 7,-71,0,792,Sunny
76,Month 7,-73,-1,792,Sunny
75,Month 7,-73,-1,791,Sunny
74,Month 7,-72,-5,790,Sunny
73,Month 7,-70,0,788,Sunny
72,Month 7,-73,-2,785,Sunny
71,Month 7,-71,-2,784,Sunny
70,Month 7,-72,-1,783,Sunny
69,Month 7,-73,0,778,Sunny
68,Month 7,-71,-2,781,Sunny
67,Month 7,-73,-6,780,Sunny
66,Month 7,-73,-2,778,Sunny
65,Month 7,-72,-2,777,Sunny
64,Month 7,-74,0,776,Sunny
63,Month 7,-73,0,775,Sunny
62,Month 7,-72,-1,774,Sunny
61,Month 7,-72,-2,772,Sunny
60,Month 7,-75,-2,772,Sunny
59,Month 7,-76,-1,771,Sunny
58,Month 7,-74,-3,769,Sunny
57,Month 7,-73,-3,769,Sunny
56,Month 7,-73,-4,768,Sunny
55,Month 7,-74,-2,766,Sunny
54,Month 7,-72,-9,766,Sunny
53,Month 6,-71,-5,764,Sunny
52,Month 6,-74,-7,762,Sunny
51,Month 6,-76,-7,762,Sunny
50,Month 6,-72,-10,761,Sunny
49,Month 6,-74,-10,761,Sunny
48,Month 6,-75,0,759,Sunny
47,Month 6,-75,-9,758,Sunny
46,Month 6,-74,-12,758,Sunny
45,Month 6,-74,-9,758,Sunny
44,Month 6,-75,-10,757,Sunny
43,Month 6,-74,-12,756,Sunny
42,Month 6,-75,-7,754,Sunny
41,Month 6,-75,-12,753,Sunny
40,Month 6,-75,-12,753,Sunny
39,Month 6,-75,-8,751,Sunny
38,Month 6,-73,-13,750,Sunny
37,Month 6,-73,0,750,Sunny
36,Month 6,-73,-1,750,Sunny
35,Month 6,-73,-1,749,Sunny
34,Month 6,-73,1,748,Sunny
33,Month 6,-73,-2,748,Sunny
32,Month 6,NaN,NaN,NaN,Sunny
31,Month 6,-74,-23,745,Sunny
30,Month 6,-74,-3,747,Sunny
29,Month 6,-75,-2,747,Sunny
28,Month 6,-75,-15,745,Sunny
27,Month 6,-75,-15,743,Sunny
26,Month 6,-76,-14,745,Sunny
25,Month 6,-75,-11,743,Sunny
24,Month 6,-75,-7,742,Sunny
23,Month 6,-75,-16,741,Sunny
22,Month 6,-74,-6,742,Sunny
21,Month 6,-74,-3,741,Sunny
20,Month 6,NaN,NaN,NaN,Sunny
19,Month 6,NaN,NaN,NaN,Sunny
18,Month 6,NaN,NaN,NaN,Sunny
17,Month 6,-76,-4,742,Sunny
16,Month 6,-77,0,740,Sunny
15,Month 6,-78,-15,740,Sunny
14,Month 6,-74,-16,740,Sunny
13,Month 6,-74,-15,732,Sunny
12,Month 6,-76,-18,741,Sunny
11,Month 6,-76,-11,740,Sunny
10,Month 6,-75,-16,739,Sunny
9,Month 6,NaN,NaN,NaN,Sunny
1,Month 6,NaN,NaN,NaN,Sunny
